{
    "compressor_health": {
        "rmse": 0.012681900131658692,
        "mae": 0.008379634837877925,
        "r2": 0.9700581252360735,
        "mape": 1.0078173889849202,
        "latency_ms": 12.173707660003856,
        "model_size_kb": 222.4697265625,
        "feature_importances": {
            "altitude_m": 0.005985606052320336,
            "mach": 0.007831580146589762,
            "tamb_k": 0.007931054149258746,
            "pamb_pa": 0.008558122668861823,
            "rpm_rev_min": 0.005517424569002523,
            "fuel_flow_kg_s": 0.008586500474261323,
            "cycle": 0.9222797520977654,
            "p2_ratio": 0.015835229029012576,
            "t2_ratio": 0.006654219551257015,
            "corrected_rpm": 0.0054078623221761,
            "corrected_fuel_flow": 0.005412648939494395
        }
    },
    "combustor_health": {
        "rmse": 0.02354757020803865,
        "mae": 0.019354109108333285,
        "r2": -2.569636330850195,
        "mape": 1.9886774123842064,
        "latency_ms": 54.5687360500051,
        "model_size_kb": 213.1259765625,
        "feature_importances": {
            "altitude_m": 0.006903486457517816,
            "mach": 0.019207795474320187,
            "tamb_k": 0.006128267718561203,
            "pamb_pa": 0.007359646990047738,
            "rpm_rev_min": 0.004014369098118009,
            "fuel_flow_kg_s": 0.010780198765256856,
            "cycle": 0.8830200123789502,
            "p2_ratio": 0.005927225354915317,
            "t2_ratio": 0.005190671965962454,
            "corrected_rpm": 0.009060254553049558,
            "corrected_fuel_flow": 0.006719590314038719,
            "t3_t4_ratio": 0.01396862170216606,
            "p3_p2_ratio": 0.0217198592270957
        }
    },
    "turbine_health": {
        "rmse": 0.018365386732431297,
        "mae": 0.013772460201130713,
        "r2": 0.889619079733029,
        "mape": 1.5635132916346262,
        "latency_ms": 21.143261200013512,
        "model_size_kb": 217.4853515625,
        "feature_importances": {
            "altitude_m": 0.007614382562566782,
            "mach": 0.02046986062228971,
            "tamb_k": 0.008363905421621054,
            "pamb_pa": 0.007770598572162493,
            "rpm_rev_min": 0.006078869580215129,
            "fuel_flow_kg_s": 0.019634700278831446,
            "cycle": 0.8489074720815588,
            "p2_ratio": 0.013276964293338222,
            "t2_ratio": 0.010914349123233729,
            "corrected_rpm": 0.011536265808285059,
            "corrected_fuel_flow": 0.026969094741690264,
            "t3_t4_ratio": 0.013225627212982462,
            "p4_p3_ratio": 0.005237909701224899
        }
    },
    "overall_health_direct": {
        "rmse": 0.009353279536826778,
        "mae": 0.006354524290108162,
        "r2": 0.9644948248623455,
        "mape": 0.7156828156950376,
        "latency_ms": 31.007491879990994,
        "model_size_kb": 225.5478515625,
        "feature_importances": {
            "altitude_m": 0.002858156299635426,
            "mach": 0.004894620497248449,
            "tamb_k": 0.0051982969044777555,
            "pamb_pa": 0.004245408945333806,
            "rpm_rev_min": 0.002292146289290999,
            "fuel_flow_kg_s": 0.007664429896320804,
            "cycle": 0.9409729625323195,
            "p2_ratio": 0.004053834867993928,
            "t2_ratio": 0.0014119061280087007,
            "corrected_rpm": 0.0019518425298333125,
            "corrected_fuel_flow": 0.006509083565453035,
            "t3_t4_ratio": 0.004573286307255039,
            "p3_p2_ratio": 0.01082128315849757,
            "p4_p3_ratio": 0.0025527420783317905
        }
    },
    "overall_health_ensemble": {
        "rmse": 0.006927726265626825,
        "mae": 0.004885367421104669,
        "r2": 0.9805219592837098,
        "mape": 0.5506257682199247,
        "latency_ms": 87.88570491002247,
        "model_size_kb": 0.0,
        "feature_importances": {},
        "method": "ensemble_mean"
    },
    "overall_health": {
        "rmse": 0.006927726265626825,
        "mae": 0.004885367421104669,
        "r2": 0.9805219592837098,
        "mape": 0.5506257682199247,
        "latency_ms": 87.88570491002247,
        "model_size_kb": 0.0,
        "feature_importances": {},
        "method": "ensemble_mean"
    },
    "thrust_n": {
        "rmse": 2809.5398351471385,
        "mae": 2061.8261536356817,
        "r2": 0.974443015056636,
        "mape": 4.214515073528568,
        "latency_ms": 40.135268779995386,
        "model_size_kb": 239.4384765625,
        "feature_importances": {
            "altitude_m": 2.368895915222149e-05,
            "mach": 0.02209493513168336,
            "tamb_k": 0.0008815366589018866,
            "pamb_pa": 3.622783071194221e-05,
            "rpm_rev_min": 0.13916252591533756,
            "fuel_flow_kg_s": 0.7919441363969827,
            "cycle": 0.00020820217816301597,
            "p2_ratio": 0.0013201805896247561,
            "t2_ratio": 0.002997470137991302,
            "corrected_rpm": 0.03596388873327172,
            "corrected_fuel_flow": 0.00011569709164283941,
            "t3_t4_ratio": 0.000648581545761934,
            "p3_p2_ratio": 0.0003250296683318116,
            "p4_p3_ratio": 0.002357595360627554,
            "compressor_health": 0.001223414616159053,
            "combustor_health": 0.0005253945582977649,
            "turbine_health": 0.00017149462735865562
        }
    },
    "tsfc_g_n_s": {
        "rmse": 0.0009846522601839461,
        "mae": 0.000776945059300168,
        "r2": 0.9775053846123772,
        "mape": 4.095643792560623,
        "latency_ms": 36.841556890012725,
        "model_size_kb": 239.1572265625,
        "feature_importances": {
            "altitude_m": 7.780061960537407e-05,
            "mach": 0.025113209525883615,
            "tamb_k": 0.0007403800718805355,
            "pamb_pa": 0.0004031056080480244,
            "rpm_rev_min": 0.024723971376313388,
            "fuel_flow_kg_s": 0.6279799983732547,
            "cycle": 0.0015383959295907862,
            "p2_ratio": 0.0005571724530376497,
            "t2_ratio": 0.0016360282659768142,
            "corrected_rpm": 0.017118383201633884,
            "corrected_fuel_flow": 0.001087844931814175,
            "t3_t4_ratio": 0.06805618162657187,
            "p3_p2_ratio": 0.0007994083118849883,
            "p4_p3_ratio": 0.22426925485336688,
            "compressor_health": 0.001791870571280919,
            "combustor_health": 0.0014824953404123998,
            "turbine_health": 0.002624498939444023
        }
    }
}